{
  "accuracy": 0.979796290397644,
  "loss": 0.06725335866212845,
  "val_accuracy": 0.9783333539962769,
  "val_loss": 0.07294011116027832,
  "epoch": 3,
  "global_step": 1688
}