{
  "accuracy": 0.9839444160461426,
  "loss": 0.053799107670784,
  "val_accuracy": 0.9806666374206543,
  "val_loss": 0.0669400617480278,
  "epoch": 4,
  "global_step": 2110
}