{
  "accuracy": 0.979629635810852,
  "loss": 0.06866441667079926,
  "val_accuracy": 0.9803333282470703,
  "val_loss": 0.06849692016839981,
  "epoch": 3,
  "global_step": 1688
}